product_category,count,total_income,average_income_per_order
App,24965,1.6990536073899984E9,68057.42469016617
Car,38011,3.643453990231573E12,9.58526213525446E7
Drug,33892,5.1133853661754E11,1.5087293066727841E7
Groceries,68376,3.5089606007400055E9,51318.60010442269
Movie,81238,3.3313719432700505E9,41007.5573410233
Plants,77776,1.9411850156979836E10,249586.63542712195
