product_category,count,total_income,average_income_per_order
App,5696,2.940579571299998E8,51625.343597261206
Car,8674,6.204415729349106E11,7.152888781818199E7
Drug,7734,9.16055481546899E10,1.1844523940352973E7
Groceries,7784,2.659652122099983E8,34168.192729958675
Movie,9186,2.5146737714999783E8,27375.06827237076
Plants,8868,1.6705315706500027E9,188377.48879679778
