product_category,count,total_income,average_income_per_order
App,5702,3.3988334336000156E8,59607.74173272563
Car,8702,6.420981288033308E14,7.378741999578612E10
Drug,7832,9.822470055330013E10,1.2541458191177238E7
Groceries,7888,2.7129878117999834E8,34393.86171146024
Movie,9194,4.469804258799983E8,48616.53533608857
Plants,9016,2.5014121842200027E9,277441.45787710766
