product_category,count,total_income,average_income_per_order
books,1317,149300.0,113.36370539104024
clothing,1243,139000.0,111.82622687047466
electronics,4330,491500.0,113.51039260969976
food,1285,146500.0,114.00778210116732
tools,1327,149000.0,112.2833458929917
