ecommerce_website_name,count,total_income,average_income_per_order
www.allibaba.com,53024,2.338048042398128E12,4.409414684667562E7
www.amazon.com,27512,5.389962843782983E10,1959131.5948615086
www.amazon.com.br,15196,2.2301141236524142E11,1.4675665462308597E7
www.amazon.in,15297,6.21177125864E10,4060777.4456690857
www.blockuster.com,96191,1.2537851224980186E10,130343.28809327469
www.ebay.com,50823,1.402897436548791E12,2.760359358063851E7
www.etsy.com,49382,8.793368653749872E10,1780682.9722874472
www.netflix.com,16833,2.297993058600002E9,136517.14243450377
